"loan_id","account_id","loan_date","loan_amount","duration","monthly_payment","status"
"5314","1787","1993-07-05","96396","12","8033","Contract finished, loan not payed"
"5316","1801","1993-07-11","165960","36","4610","Contract finished, no problems"
"6863","9188","1993-07-28","127080","60","2118","Contract finished, no problems"
"5325","1843","1993-08-03","105804","36","2939","Contract finished, no problems"
"7240","11013","1993-09-06","274740","60","4579","Contract finished, no problems"
"6687","8261","1993-09-13","87840","24","3660","Contract finished, no problems"
"7284","11265","1993-09-15","52788","12","4399","Contract finished, no problems"
"6111","5428","1993-09-24","174744","24","7281","Contract finished, loan not payed"
"7235","10973","1993-10-13","154416","48","3217","Contract finished, no problems"
"5997","4894","1993-11-04","117024","24","4876","Contract finished, no problems"
"7121","10364","1993-11-10","21924","36","609","Contract finished, no problems"
"6077","5270","1993-11-22","79608","24","3317","Contract finished, no problems"
"6228","6034","1993-12-01","464520","60","7742","Contract finished, loan not payed"
"6356","6701","1993-12-08","95400","36","2650","Contract finished, no problems"
"5523","2705","1993-12-08","93888","36","2608","Contract finished, no problems"
"6456","7123","1993-12-09","47016","12","3918","Contract finished, no problems"
"7104","10320","1993-12-13","259740","60","4329","Contract finished, no problems"
"6820","9034","1993-12-16","38148","12","3179","Contract finished, no problems"
"6876","9236","1993-12-21","86616","12","7218","Contract finished, no problems"
"7097","10266","1993-12-23","75624","24","3151","Contract finished, loan not payed"
"4959","2","1994-01-05","80952","24","3373","Contract finished, no problems"
"6499","7401","1994-01-05","80952","24","3373","Contract finished, no problems"
"5479","2486","1994-01-10","24516","12","2043","Contract finished, no problems"
"5170","1071","1994-01-20","253200","60","4220","Running contract, OK so far"
"6721","8475","1994-01-21","21072","24","878","Contract finished, no problems"
"7259","11111","1994-01-31","108144","36","3004","Contract finished, no problems"
"5285","1603","1994-02-06","78936","12","6578","Contract finished, no problems"
"5189","1166","1994-02-07","149040","48","3105","Contract finished, no problems"
"6650","8073","1994-02-17","49320","12","4110","Contract finished, loan not payed"
"7226","10940","1994-02-23","197748","36","5493","Contract finished, no problems"
"6087","5313","1994-02-27","300660","60","5011","Running contract, OK so far"
"7262","11135","1994-03-01","182628","36","5073","Contract finished, no problems"
"5519","2694","1994-03-08","91632","12","7636","Contract finished, no problems"
"6577","7753","1994-03-11","51696","24","2154","Contract finished, no problems"
"6509","7445","1994-03-15","55368","24","2307","Contract finished, no problems"
"6520","7485","1994-03-16","91200","24","3800","Contract finished, no problems"
"6699","8330","1994-03-30","7656","24","319","Contract finished, no problems"
"6336","6555","1994-03-31","212400","36","5900","Contract finished, no problems"
"7055","10079","1994-04-06","167100","60","2785","Running contract, OK so far"
"6103","5385","1994-04-07","149340","60","2489","Running contract, OK so far"
"6202","5891","1994-04-18","65184","12","5432","Contract finished, no problems"
"7066","10131","1994-05-02","215388","36","5983","Contract finished, loan not payed"
"6696","8321","1994-05-09","89040","60","1484","Running contract, OK so far"
"6072","5256","1994-05-10","193968","36","5388","Contract finished, no problems"
"5130","813","1994-05-11","24312","12","2026","Contract finished, no problems"
"5568","2933","1994-05-17","272520","60","4542","Running contract, OK so far"
"6678","8173","1994-05-20","80340","12","6695","Contract finished, no problems"
"6998","9833","1994-05-21","97632","12","8136","Contract finished, no problems"
"6580","7769","1994-05-22","196080","48","4085","Contract finished, no problems"
"6316","6473","1994-05-26","76908","12","6409","Contract finished, loan not payed"
"6512","7454","1994-05-26","63312","48","1319","Contract finished, no problems"
"6407","6930","1994-05-26","25944","24","1081","Contract finished, no problems"
"5002","173","1994-05-31","104808","12","8734","Contract finished, no problems"
"6647","8051","1994-06-01","208320","48","4340","Contract finished, no problems"
"7137","10439","1994-06-03","151560","24","6315","Contract finished, no problems"
"6903","9337","1994-06-04","52128","24","2172","Contract finished, no problems"
"5918","4576","1994-06-04","300204","36","8339","Contract finished, no problems"
"6642","8027","1994-06-05","77640","12","6470","Contract finished, no problems"
"6210","5927","1994-06-06","87216","48","1817","Contract finished, loan not payed"
"6279","6273","1994-06-07","87360","24","3640","Contract finished, no problems"
"7249","11065","1994-06-12","69360","48","1445","Contract finished, no problems"
"6736","8558","1994-06-14","288360","60","4806","Running contract, OK so far"
"6112","5442","1994-06-17","174744","24","7281","Contract finished, loan not payed"
"5319","1811","1994-06-23","239460","60","3991","Running contract, OK so far"
"6596","7844","1994-06-25","91584","24","3816","Contract finished, no problems"
"5837","4260","1994-06-29","244560","60","4076","Running contract, OK so far"
"5657","3354","1994-07-05","4980","12","415","Contract finished, no problems"
"5533","2762","1994-07-05","111384","24","4641","Contract finished, no problems"
"6232","6051","1994-07-08","276660","36","7685","Contract finished, loan not payed"
"6888","9265","1994-07-11","39576","12","3298","Contract finished, no problems"
"6066","5228","1994-07-11","173808","24","7242","Contract finished, no problems"
"5549","2824","1994-07-16","50460","60","841","Running contract, OK so far"
"5060","426","1994-07-19","252060","60","4201","Running contract, client in debt"
"6004","4937","1994-07-23","143904","24","5996","Contract finished, no problems"
"5126","790","1994-07-24","208128","48","4336","Contract finished, loan not payed"
"7220","10911","1994-07-28","131292","36","3647","Contract finished, no problems"
"6668","8129","1994-07-30","74736","36","2076","Contract finished, no problems"
"5395","2176","1994-07-30","299088","36","8308","Contract finished, loan not payed"
"6836","9093","1994-08-03","189300","60","3155","Running contract, OK so far"
"6064","5215","1994-08-04","14628","12","1219","Contract finished, no problems"
"6919","9403","1994-08-05","120888","36","3358","Contract finished, no problems"
"6841","9104","1994-08-07","172080","48","3585","Contract finished, no problems"
"6038","5120","1994-08-10","323472","48","6739","Contract finished, no problems"
"6729","8519","1994-08-11","74688","12","6224","Contract finished, no problems"
"7198","10788","1994-08-23","45768","12","3814","Contract finished, no problems"
"6686","8260","1994-08-25","224604","36","6239","Contract finished, no problems"
"5836","4259","1994-08-27","79632","24","3318","Contract finished, no problems"
"7061","10105","1994-08-27","121896","24","5079","Contract finished, no problems"
"5595","3050","1994-09-02","82896","12","6908","Contract finished, no problems"
"5723","3674","1994-09-10","23628","12","1969","Contract finished, no problems"
"6120","5481","1994-09-11","209184","48","4358","Contract finished, no problems"
"6895","9307","1994-09-19","41904","12","3492","Contract finished, no problems"
"5882","4427","1994-09-26","87816","12","7318","Contract finished, no problems"
"5754","3834","1994-09-28","23052","12","1921","Contract finished, no problems"
"6594","7824","1994-09-28","189696","24","7904","Contract finished, loan not payed"
"6738","8566","1994-09-29","230220","36","6395","Contract finished, loan not payed"
"6624","7965","1994-09-30","71460","12","5955","Contract finished, no problems"
"6216","5952","1994-09-30","141240","24","5885","Contract finished, no problems"
"6229","6040","1994-10-02","11736","24","489","Contract finished, no problems"
"5887","4448","1994-10-03","192744","36","5354","Contract finished, no problems"
"6808","8982","1994-10-12","227880","36","6330","Contract finished, no problems"
"6297","6363","1994-10-25","17508","12","1459","Contract finished, no problems"
"5161","1012","1994-10-28","98184","24","4091","Contract finished, no problems"
"5390","2167","1994-10-30","170256","24","7094","Contract finished, no problems"
"6150","5622","1994-11-02","83016","12","6918","Contract finished, no problems"
"6223","5991","1994-11-03","61056","48","1272","Contract finished, no problems"
"5032","290","1994-11-03","123696","48","2577","Contract finished, no problems"
"6253","6148","1994-11-04","59760","24","2490","Contract finished, no problems"
"6460","7133","1994-11-06","48672","36","1352","Contract finished, no problems"
"6645","8041","1994-11-06","140400","36","3900","Contract finished, no problems"
"5176","1106","1994-11-12","192552","24","8023","Contract finished, loan not payed"
"5269","1527","1994-11-19","164052","36","4557","Contract finished, loan not payed"
"5351","1978","1994-12-04","205200","36","5700","Contract finished, no problems"
"5861","4337","1994-12-08","51408","24","2142","Contract finished, no problems"
"5450","2345","1994-12-11","199680","60","3328","Running contract, OK so far"
"7142","10451","1994-12-19","482940","60","8049","Running contract, client in debt"
"6306","6425","1994-12-20","36684","12","3057","Contract finished, no problems"
"6272","6226","1994-12-20","398640","60","6644","Running contract, OK so far"
"5044","344","1994-12-21","100980","60","1683","Running contract, OK so far"
"5576","2962","1994-12-21","31248","12","2604","Contract finished, no problems"
"7192","10738","1994-12-21","115992","36","3222","Contract finished, no problems"
"5739","3747","1995-01-02","76380","12","6365","Contract finished, no problems"
"6526","7523","1995-01-03","288468","36","8013","Contract finished, no problems"
"5624","3166","1995-01-03","177744","48","3703","Running contract, client in debt"
"6244","6118","1995-01-08","270648","36","7518","Contract finished, loan not payed"
"5131","816","1995-01-08","48624","24","2026","Contract finished, no problems"
"6960","9640","1995-01-11","76416","24","3184","Contract finished, no problems"
"6358","6715","1995-01-14","137880","60","2298","Running contract, client in debt"
"5418","2245","1995-01-16","347952","48","7249","Running contract, OK so far"
"6598","7857","1995-01-18","68112","12","5676","Contract finished, no problems"
"5464","2419","1995-01-30","95808","12","7984","Contract finished, no problems"
"6591","7819","1995-02-02","20832","48","434","Running contract, OK so far"
"5724","3678","1995-02-05","316140","60","5269","Running contract, client in debt"
"6315","6472","1995-02-06","43164","12","3597","Contract finished, no problems"
"5876","4413","1995-02-08","221280","48","4610","Running contract, OK so far"
"6986","9750","1995-02-11","151728","48","3161","Running contract, client in debt"
"6294","6353","1995-02-12","79920","60","1332","Running contract, OK so far"
"5132","817","1995-02-17","538500","60","8975","Running contract, OK so far"
"5877","4414","1995-02-23","97224","24","4051","Contract finished, no problems"
"6227","6030","1995-03-04","28248","24","1177","Contract finished, no problems"
"7241","11021","1995-03-04","168984","24","7041","Contract finished, loan not payed"
"6737","8564","1995-03-11","76680","24","3195","Contract finished, no problems"
"7004","9869","1995-03-15","331560","60","5526","Running contract, OK so far"
"6169","5700","1995-03-16","103680","60","1728","Running contract, client in debt"
"5208","1247","1995-03-16","99696","48","2077","Running contract, client in debt"
"6694","8316","1995-03-19","134784","24","5616","Contract finished, no problems"
"5599","3064","1995-03-21","15420","12","1285","Contract finished, no problems"
"6546","7607","1995-03-27","31728","24","1322","Contract finished, no problems"
"5414","2228","1995-03-29","185952","48","3874","Running contract, OK so far"
"5453","2361","1995-04-01","156672","36","4352","Contract finished, no problems"
"5740","3752","1995-04-02","18564","12","1547","Contract finished, no problems"
"5804","4079","1995-04-05","158976","48","3312","Running contract, OK so far"
"6745","8625","1995-04-10","47304","24","1971","Contract finished, no problems"
"6950","9591","1995-04-11","104712","24","4363","Contract finished, no problems"
"6996","9828","1995-04-13","126600","24","5275","Contract finished, no problems"
"5352","1993","1995-04-15","68400","12","5700","Contract finished, loan not payed"
"6151","5628","1995-04-25","225420","60","3757","Running contract, OK so far"
"5310","1762","1995-04-28","248148","36","6893","Contract finished, no problems"
"5045","347","1995-05-01","187224","24","7801","Contract finished, loan not payed"
"6929","9472","1995-05-08","36396","12","3033","Contract finished, no problems"
"5151","960","1995-05-24","189060","60","3151","Running contract, OK so far"
"5212","1256","1995-05-29","71064","36","1974","Contract finished, no problems"
"5138","854","1995-05-30","87216","48","1817","Running contract, OK so far"
"5713","3629","1995-05-30","158760","60","2646","Running contract, OK so far"
"6704","8377","1995-06-01","417060","60","6951","Running contract, OK so far"
"6474","7190","1995-06-06","63360","60","1056","Running contract, OK so far"
"6676","8159","1995-06-13","29784","24","1241","Contract finished, no problems"
"6965","9656","1995-06-13","139536","24","5814","Contract finished, no problems"
"6725","8489","1995-06-23","265320","36","7370","Contract finished, no problems"
"7166","10630","1995-06-24","198240","24","8260","Contract finished, no problems"
"7138","10440","1995-07-03","60000","60","1000","Running contract, OK so far"
"5970","4774","1995-07-09","465072","48","9689","Running contract, OK so far"
"6157","5650","1995-07-10","98592","24","4108","Contract finished, no problems"
"6153","5632","1995-07-25","285600","60","4760","Running contract, OK so far"
"5693","3489","1995-08-01","44088","24","1837","Contract finished, no problems"
"5922","4580","1995-08-05","20220","12","1685","Contract finished, no problems"
"5959","4727","1995-08-11","107640","24","4485","Contract finished, no problems"
"5980","4825","1995-08-18","21396","12","1783","Contract finished, no problems"
"6764","8776","1995-08-26","33984","48","708","Running contract, OK so far"
"5237","1375","1995-08-29","45336","24","1889","Contract finished, no problems"
"6726","8492","1995-09-03","85860","60","1431","Running contract, OK so far"
"6933","9493","1995-09-09","188688","48","3931","Running contract, OK so far"
"5145","915","1995-09-16","309552","48","6449","Running contract, OK so far"
"7008","9897","1995-09-22","36168","12","3014","Contract finished, no problems"
"7227","10942","1995-10-02","314520","60","5242","Running contract, OK so far"
"6600","7861","1995-10-08","21852","36","607","Contract finished, no problems"
"6712","8405","1995-10-14","266220","60","4437","Running contract, OK so far"
"7057","10093","1995-10-20","231696","36","6436","Contract finished, no problems"
"7176","10663","1995-10-28","260028","36","7223","Contract finished, no problems"
"7304","11349","1995-10-29","419880","60","6998","Running contract, OK so far"
"6362","6738","1995-10-31","37908","12","3159","Contract finished, no problems"
"5880","4423","1995-10-31","73836","36","2051","Contract finished, no problems"
"6535","7546","1995-11-02","41952","12","3496","Contract finished, no problems"
"5449","2343","1995-11-04","99336","24","4139","Contract finished, no problems"
"6342","6609","1995-11-12","60156","36","1671","Contract finished, loan not payed"
"5409","2218","1995-11-18","182040","60","3034","Running contract, OK so far"
"6955","9627","1995-11-22","244368","48","5091","Running contract, OK so far"
"6985","9731","1995-11-22","113796","36","3161","Contract finished, no problems"
"5125","789","1995-11-23","73056","48","1522","Running contract, OK so far"
"5805","4081","1995-11-28","137904","24","5746","Contract finished, loan not payed"
"6185","5774","1995-11-28","31176","24","1299","Contract finished, no problems"
"7243","11042","1995-12-04","217152","36","6032","Contract finished, no problems"
"6403","6924","1995-12-05","194880","48","4060","Running contract, OK so far"
"6578","7765","1995-12-11","27984","12","2332","Contract finished, no problems"
"5413","2227","1995-12-12","92976","24","3874","Contract finished, no problems"
"6949","9583","1995-12-12","104712","24","4363","Contract finished, no problems"
"6545","7606","1995-12-12","191880","60","3198","Running contract, OK so far"
"6178","5742","1995-12-16","232560","48","4845","Running contract, OK so far"
"5160","1011","1995-12-18","204000","60","3400","Running contract, OK so far"
"6785","8899","1995-12-25","125340","60","2089","Running contract, OK so far"
"6540","7562","1995-12-31","309600","48","6450","Running contract, OK so far"
"6589","7815","1996-01-01","189696","24","7904","Contract finished, no problems"
"5900","4503","1996-01-01","135360","48","2820","Running contract, OK so far"
"5999","4907","1996-01-03","98832","48","2059","Running contract, OK so far"
"6043","5126","1996-01-11","20352","48","424","Running contract, OK so far"
"5482","2496","1996-01-12","165120","60","2752","Running contract, OK so far"
"7263","11138","1996-01-19","89880","24","3745","Contract finished, no problems"
"6013","4995","1996-02-03","128988","36","3583","Running contract, client in debt"
"5750","3804","1996-02-08","63252","12","5271","Contract finished, no problems"
"6027","5066","1996-02-10","61656","24","2569","Contract finished, loan not payed"
"6303","6400","1996-02-12","72408","24","3017","Contract finished, loan not payed"
"7213","10884","1996-02-13","113544","36","3154","Running contract, OK so far"
"6659","8092","1996-02-20","56100","60","935","Running contract, OK so far"
"6175","5735","1996-02-21","290700","60","4845","Running contract, client in debt"
"5610","3112","1996-02-24","123216","48","2567","Running contract, OK so far"
"5563","2912","1996-02-29","380160","60","6336","Running contract, OK so far"
"5989","4852","1996-03-04","213300","36","5925","Running contract, OK so far"
"6698","8327","1996-03-10","247728","48","5161","Running contract, OK so far"
"5312","1772","1996-03-13","202788","36","5633","Running contract, OK so far"
"7189","10728","1996-03-21","154656","48","3222","Running contract, OK so far"
"6816","9017","1996-03-26","100224","48","2088","Running contract, client in debt"
"6137","5574","1996-04-10","44628","12","3719","Contract finished, no problems"
"5128","808","1996-04-11","215616","48","4492","Running contract, client in debt"
"5470","2456","1996-04-15","200976","48","4187","Running contract, OK so far"
"5593","3037","1996-04-18","277884","36","7719","Running contract, client in debt"
"5350","1967","1996-04-21","249312","48","5194","Running contract, OK so far"
"6063","5213","1996-04-25","320976","48","6687","Running contract, client in debt"
"6501","7418","1996-04-29","30276","12","2523","Contract finished, loan not payed"
"5452","2352","1996-04-29","49440","60","824","Running contract, OK so far"
"4961","19","1996-04-29","30276","12","2523","Contract finished, loan not payed"
"4973","67","1996-05-02","165960","24","6915","Contract finished, no problems"
"6190","5794","1996-05-06","123600","60","2060","Running contract, OK so far"
"6715","8411","1996-05-06","220620","60","3677","Running contract, OK so far"
"5892","4462","1996-05-14","66480","24","2770","Contract finished, loan not payed"
"6550","7614","1996-05-18","320592","48","6679","Running contract, OK so far"
"5706","3608","1996-05-24","161496","36","4486","Running contract, OK so far"
"5148","940","1996-05-29","284280","60","4738","Running contract, OK so far"
"6734","8547","1996-05-30","173016","36","4806","Running contract, OK so far"
"6109","5422","1996-06-03","368880","60","6148","Running contract, OK so far"
"6961","9645","1996-06-06","176148","36","4893","Running contract, OK so far"
"6810","9006","1996-06-08","186384","48","3883","Running contract, OK so far"
"5494","2572","1996-06-13","360000","48","7500","Running contract, OK so far"
"5311","1766","1996-06-15","30060","60","501","Running contract, OK so far"
"5445","2322","1996-06-29","46320","24","1930","Contract finished, no problems"
"5301","1698","1996-07-06","141948","36","3943","Running contract, OK so far"
"7034","10001","1996-07-11","19044","36","529","Running contract, OK so far"
"6751","8680","1996-07-14","85716","36","2381","Running contract, OK so far"
"6667","8127","1996-07-15","155880","24","6495","Contract finished, no problems"
"6130","5541","1996-07-18","32640","48","680","Running contract, OK so far"
"5429","2268","1996-07-18","20196","36","561","Running contract, OK so far"
"5725","3679","1996-07-23","444864","48","9268","Running contract, OK so far"
"6019","5033","1996-07-25","11400","12","950","Contract finished, no problems"
"6421","6985","1996-07-25","96768","36","2688","Running contract, OK so far"
"6992","9790","1996-07-27","133968","48","2791","Running contract, OK so far"
"5136","846","1996-07-28","187104","24","7796","Contract finished, no problems"
"5337","1886","1996-07-31","162468","36","4513","Running contract, OK so far"
"5495","2580","1996-08-02","89340","60","1489","Running contract, OK so far"
"7013","9928","1996-08-02","89340","60","1489","Running contract, OK so far"
"6012","4994","1996-08-03","258444","36","7179","Running contract, OK so far"
"6471","7184","1996-08-04","155640","24","6485","Contract finished, no problems"
"6296","6358","1996-08-06","270384","48","5633","Running contract, OK so far"
"7305","11359","1996-08-06","54024","12","4502","Contract finished, no problems"
"6144","5593","1996-08-09","44376","12","3698","Contract finished, no problems"
"6283","6289","1996-08-11","85632","48","1784","Running contract, OK so far"
"7246","11054","1996-08-20","148920","60","2482","Running contract, OK so far"
"5088","544","1996-08-22","91152","24","3798","Contract finished, no problems"
"5988","4851","1996-08-22","141648","24","5902","Contract finished, no problems"
"5282","1583","1996-08-24","388512","48","8094","Running contract, client in debt"
"5938","4650","1996-08-25","402000","60","6700","Running contract, OK so far"
"5606","3084","1996-08-28","253512","36","7042","Running contract, client in debt"
"5385","2143","1996-09-09","71460","36","1985","Running contract, OK so far"
"6865","9199","1996-09-11","29448","12","2454","Contract finished, loan not payed"
"5586","2994","1996-09-14","48744","36","1354","Running contract, OK so far"
"6302","6397","1996-09-16","181020","60","3017","Running contract, OK so far"
"7194","10762","1996-09-17","68832","36","1912","Running contract, OK so far"
"6461","7136","1996-09-19","74124","36","2059","Running contract, OK so far"
"6732","8533","1996-09-19","174048","48","3626","Running contract, OK so far"
"6613","7926","1996-09-22","84120","24","3505","Contract finished, no problems"
"7036","10019","1996-09-25","194940","36","5415","Running contract, OK so far"
"5897","4476","1996-09-25","15192","24","633","Contract finished, no problems"
"6995","9814","1996-09-26","96168","12","8014","Contract finished, no problems"
"5415","2236","1996-09-26","139464","36","3874","Running contract, client in debt"
"7136","10436","1996-09-28","54396","36","1511","Running contract, OK so far"
"7271","11186","1996-10-02","392460","60","6541","Running contract, OK so far"
"5375","2106","1996-10-03","101520","12","8460","Contract finished, no problems"
"5635","3230","1996-10-04","77184","36","2144","Running contract, OK so far"
"6817","9024","1996-10-04","70656","48","1472","Running contract, OK so far"
"5923","4585","1996-10-10","64656","48","1347","Running contract, OK so far"
"5329","1862","1996-10-16","396120","60","6602","Running contract, OK so far"
"6644","8039","1996-10-20","93600","24","3900","Contract finished, no problems"
"6354","6688","1996-10-23","22968","36","638","Running contract, OK so far"
"5082","501","1996-10-24","262980","60","4383","Running contract, OK so far"
"6585","7795","1996-10-29","372120","60","6202","Running contract, OK so far"
"6921","9422","1996-10-29","86184","12","7182","Contract finished, no problems"
"5366","2062","1996-10-29","86184","12","7182","Contract finished, no problems"
"5886","4447","1996-10-31","192744","36","5354","Running contract, OK so far"
"5741","3754","1996-11-03","68544","24","2856","Contract finished, no problems"
"4996","132","1996-11-06","88440","12","7370","Contract finished, no problems"
"6015","5001","1996-11-09","110112","24","4588","Contract finished, no problems"
"6309","6434","1996-11-11","110136","24","4589","Contract finished, no problems"
"6073","5263","1996-11-12","276300","60","4605","Running contract, OK so far"
"6006","4948","1996-11-15","359760","60","5996","Running contract, OK so far"
"5611","3115","1996-11-15","321180","60","5353","Running contract, OK so far"
"6944","9548","1996-11-15","46176","48","962","Running contract, OK so far"
"7101","10297","1996-11-18","421008","48","8771","Running contract, OK so far"
"6599","7859","1996-11-19","72120","12","6010","Contract finished, no problems"
"6940","9510","1996-11-22","228276","36","6341","Running contract, OK so far"
"5209","1250","1996-11-25","182640","48","3805","Running contract, OK so far"
"5388","2153","1996-11-28","61560","12","5130","Contract finished, no problems"
"6011","4981","1996-11-28","179328","48","3736","Running contract, OK so far"
"5591","3021","1996-12-04","155616","48","3242","Running contract, OK so far"
"7154","10520","1996-12-05","417600","60","6960","Running contract, OK so far"
"7130","10411","1996-12-11","123408","24","5142","Contract finished, no problems"
"6818","9030","1996-12-12","155616","48","3242","Running contract, OK so far"
"5625","3189","1996-12-15","222180","60","3703","Running contract, client in debt"
"6805","8972","1996-12-21","45024","48","938","Running contract, OK so far"
"7233","10963","1996-12-25","115812","36","3217","Running contract, OK so far"
"7308","11362","1996-12-27","129408","24","5392","Contract finished, no problems"
"5895","4473","1997-01-03","93960","60","1566","Running contract, OK so far"
"7122","10365","1997-01-04","260640","36","7240","Running contract, client in debt"
"6173","5724","1997-01-08","232560","48","4845","Running contract, OK so far"
"6142","5591","1997-01-21","221880","60","3698","Running contract, OK so far"
"5358","2018","1997-01-21","38520","12","3210","Contract finished, no problems"
"6095","5358","1997-01-24","68340","60","1139","Running contract, OK so far"
"6878","9242","1997-01-24","23184","12","1932","Contract finished, no problems"
"6554","7637","1997-01-29","390096","48","8127","Running contract, OK so far"
"6793","8931","1997-01-30","186300","60","3105","Running contract, OK so far"
"7286","11271","1997-01-31","67320","36","1870","Running contract, OK so far"
"6076","5269","1997-02-02","117420","60","1957","Running contract, OK so far"
"5134","825","1997-02-02","53076","12","4423","Contract finished, no problems"
"5419","2246","1997-02-05","415800","60","6930","Running contract, OK so far"
"6255","6158","1997-02-08","247920","48","5165","Running contract, client in debt"
"5656","3353","1997-02-09","146064","24","6086","Running contract, OK so far"
"6934","9494","1997-02-09","116832","12","9736","Contract finished, no problems"
"6028","5072","1997-02-09","317520","60","5292","Running contract, OK so far"
"6490","7262","1997-02-10","73260","60","1221","Running contract, OK so far"
"6415","6950","1997-02-12","475680","48","9910","Running contract, OK so far"
"7087","10215","1997-02-20","44304","24","1846","Running contract, OK so far"
"5420","2247","1997-02-24","72504","24","3021","Running contract, OK so far"
"5977","4803","1997-02-25","59136","48","1232","Running contract, OK so far"
"6824","9052","1997-02-26","71976","24","2999","Running contract, client in debt"
"5207","1244","1997-02-28","35904","48","748","Running contract, OK so far"
"7115","10351","1997-03-04","88704","48","1848","Running contract, OK so far"
"7250","11069","1997-03-04","119136","48","2482","Running contract, OK so far"
"6010","4969","1997-03-06","150180","60","2503","Running contract, OK so far"
"6088","5317","1997-03-07","90180","36","2505","Running contract, OK so far"
"5682","3455","1997-03-07","67464","12","5622","Contract finished, no problems"
"7201","10807","1997-03-07","67464","12","5622","Contract finished, no problems"
"6938","9504","1997-03-10","341280","60","5688","Running contract, OK so far"
"6875","9235","1997-03-13","83280","48","1735","Running contract, OK so far"
"5953","4715","1997-03-14","97176","24","4049","Running contract, OK so far"
"5942","4681","1997-03-15","162624","48","3388","Running contract, OK so far"
"5382","2134","1997-03-17","22932","36","637","Running contract, OK so far"
"6377","6792","1997-03-17","17184","12","1432","Contract finished, no problems"
"5931","4618","1997-03-17","66696","24","2779","Running contract, client in debt"
"5992","4863","1997-03-18","76080","12","6340","Contract finished, no problems"
"5790","4033","1997-03-20","84288","48","1756","Running contract, OK so far"
"6753","8688","1997-03-20","67980","12","5665","Contract finished, no problems"
"6562","7674","1997-03-21","94488","24","3937","Running contract, OK so far"
"7046","10049","1997-03-28","91632","12","7636","Contract finished, no problems"
"5868","4361","1997-03-29","90156","12","7513","Contract finished, no problems"
"5784","3967","1997-03-29","84600","36","2350","Running contract, client in debt"
"5878","4415","1997-04-01","74040","12","6170","Contract finished, no problems"
"5110","675","1997-04-01","102240","60","1704","Running contract, OK so far"
"5210","1252","1997-04-01","148140","36","4115","Running contract, OK so far"
"7230","10954","1997-04-02","18720","60","312","Running contract, OK so far"
"5005","176","1997-04-10","27456","12","2288","Contract finished, no problems"
"6871","9225","1997-04-13","164256","48","3422","Running contract, OK so far"
"5363","2051","1997-04-22","293880","60","4898","Running contract, client in debt"
"7253","11079","1997-04-26","98304","12","8192","Contract finished, no problems"
"6055","5181","1997-04-28","399120","60","6652","Running contract, OK so far"
"5072","472","1997-04-28","196800","24","8200","Running contract, client in debt"
"6913","9377","1997-04-29","99936","24","4164","Running contract, OK so far"
"6386","6856","1997-04-30","124344","36","3454","Running contract, OK so far"
"5634","3229","1997-05-01","39024","12","3252","Contract finished, no problems"
"5758","3859","1997-05-02","307200","60","5120","Running contract, client in debt"
"6819","9031","1997-05-03","50112","24","2088","Running contract, OK so far"
"7088","10233","1997-05-03","239160","60","3986","Running contract, OK so far"
"5039","314","1997-05-03","66840","24","2785","Running contract, OK so far"
"5532","2754","1997-05-04","335280","48","6985","Running contract, OK so far"
"6037","5118","1997-05-04","53232","48","1109","Running contract, OK so far"
"6322","6510","1997-05-06","76992","24","3208","Running contract, OK so far"
"6887","9263","1997-05-08","39576","12","3298","Contract finished, no problems"
"6660","8094","1997-05-09","220428","36","6123","Running contract, OK so far"
"5451","2350","1997-05-11","159744","48","3328","Running contract, OK so far"
"6014","4999","1997-05-18","165168","36","4588","Running contract, OK so far"
"5556","2872","1997-05-19","268320","60","4472","Running contract, OK so far"
"6346","6649","1997-05-22","100260","60","1671","Running contract, OK so far"
"5850","4293","1997-05-22","164196","36","4561","Running contract, OK so far"
"5940","4660","1997-05-28","106944","24","4456","Running contract, OK so far"
"7119","10361","1997-06-02","86880","12","7240","Contract finished, no problems"
"5253","1447","1997-06-03","100080","48","2085","Running contract, OK so far"
"6851","9138","1997-06-03","272220","60","4537","Running contract, client in debt"
"6695","8320","1997-06-04","309660","60","5161","Running contract, OK so far"
"6908","9353","1997-06-08","188616","24","7859","Running contract, OK so far"
"7255","11096","1997-06-09","213300","60","3555","Running contract, OK so far"
"5674","3418","1997-06-10","207264","48","4318","Running contract, OK so far"
"6278","6265","1997-06-10","87360","24","3640","Running contract, OK so far"
"5486","2516","1997-06-13","466608","48","9721","Running contract, OK so far"
"5174","1093","1997-06-13","385104","48","8023","Running contract, OK so far"
"6621","7957","1997-06-14","42900","12","3575","Contract finished, no problems"
"6313","6461","1997-06-15","150912","36","4192","Running contract, OK so far"
"6435","7045","1997-06-16","288720","48","6015","Running contract, OK so far"
"6970","9677","1997-06-17","31620","60","527","Running contract, OK so far"
"6310","6440","1997-06-17","34572","12","2881","Contract finished, no problems"
"5932","4626","1997-06-18","33348","12","2779","Contract finished, no problems"
"6877","9241","1997-06-19","285240","60","4754","Running contract, OK so far"
"6763","8772","1997-06-19","88272","48","1839","Running contract, OK so far"
"7085","10202","1997-06-19","305424","48","6363","Running contract, OK so far"
"7049","10063","1997-06-24","233424","36","6484","Running contract, OK so far"
"6959","9633","1997-06-30","59448","24","2477","Running contract, client in debt"
"5214","1270","1997-07-01","74772","36","2077","Running contract, OK so far"
"6350","6678","1997-07-09","294384","48","6133","Running contract, OK so far"
"5063","442","1997-07-10","357840","48","7455","Running contract, client in debt"
"5041","319","1997-07-11","369000","60","6150","Running contract, OK so far"
"5086","525","1997-07-16","210384","48","4383","Running contract, OK so far"
"6942","9513","1997-07-16","18324","12","1527","Contract finished, no problems"
"5270","1528","1997-07-21","191088","48","3981","Running contract, OK so far"
"6705","8381","1997-07-25","333648","48","6951","Running contract, client in debt"
"7051","10068","1997-07-28","77808","12","6484","Contract finished, no problems"
"6758","8742","1997-07-29","33144","12","2762","Contract finished, no problems"
"6249","6138","1997-07-30","67608","24","2817","Running contract, OK so far"
"5808","4099","1997-07-31","41856","48","872","Running contract, OK so far"
"5377","2116","1997-08-04","92400","12","7700","Contract finished, no problems"
"5446","2334","1997-08-04","48312","24","2013","Running contract, OK so far"
"5856","4320","1997-08-09","51360","12","4280","Contract finished, loan not payed"
"4986","97","1997-08-10","102876","12","8573","Contract finished, no problems"
"7001","9859","1997-08-10","300600","60","5010","Running contract, OK so far"
"6677","8169","1997-08-12","97980","60","1633","Running contract, OK so far"
"6665","8114","1997-08-15","99300","60","1655","Running contract, OK so far"
"5817","4127","1997-08-15","100800","24","4200","Running contract, client in debt"
"6984","9730","1997-08-15","116040","60","1934","Running contract, OK so far"
"6541","7565","1997-08-17","153504","48","3198","Running contract, OK so far"
"5117","718","1997-08-20","76944","12","6412","Contract finished, no problems"
"6097","5362","1997-08-21","202848","48","4226","Running contract, OK so far"
"5389","2165","1997-08-22","78600","24","3275","Running contract, OK so far"
"7219","10905","1997-08-23","57120","48","1190","Running contract, OK so far"
"6338","6592","1997-08-24","390660","60","6511","Running contract, OK so far"
"6922","9424","1997-08-26","83628","36","2323","Running contract, OK so far"
"5367","2064","1997-08-26","83628","36","2323","Running contract, OK so far"
"5638","3249","1997-08-27","68124","12","5677","Contract finished, no problems"
"5830","4190","1997-08-28","405780","60","6763","Running contract, OK so far"
"5338","1888","1997-08-30","57360","12","4780","Contract finished, loan not payed"
"6007","4949","1997-08-30","289920","48","6040","Running contract, OK so far"
"6612","7907","1997-08-31","97392","12","8116","Contract finished, no problems"
"5718","3637","1997-09-01","14028","12","1169","Contract finished, no problems"
"6104","5395","1997-09-05","158184","36","4394","Running contract, OK so far"
"5229","1329","1997-09-06","23520","12","1960","Contract finished, no problems"
"6625","7966","1997-09-07","473280","60","7888","Running contract, client in debt"
"5206","1242","1997-09-07","128544","24","5356","Running contract, OK so far"
"5963","4746","1997-09-07","204780","60","3413","Running contract, OK so far"
"4990","110","1997-09-08","162576","36","4516","Running contract, OK so far"
"6641","8026","1997-09-09","128268","36","3563","Running contract, OK so far"
"5369","2080","1997-09-12","214596","36","5961","Running contract, OK so far"
"6196","5837","1997-09-14","177804","36","4939","Running contract, OK so far"
"5236","1374","1997-09-15","389136","48","8107","Running contract, OK so far"
"5719","3664","1997-09-20","271584","48","5658","Running contract, OK so far"
"5643","3273","1997-09-21","94512","12","7876","Contract finished, loan not payed"
"7050","10065","1997-09-23","311232","48","6484","Running contract, OK so far"
"6355","6699","1997-09-24","127200","48","2650","Running contract, OK so far"
"6688","8268","1997-09-26","8616","24","359","Running contract, OK so far"
"6239","6083","1997-09-28","360864","48","7518","Running contract, client in debt"
"5531","2753","1997-09-30","66432","24","2768","Running contract, OK so far"
"6113","5445","1997-10-01","78696","36","2186","Running contract, OK so far"
"7181","10679","1997-10-02","197808","24","8242","Running contract, OK so far"
"6118","5477","1997-10-04","349392","48","7279","Running contract, OK so far"
"7264","11141","1997-10-07","44940","12","3745","Contract finished, no problems"
"5343","1906","1997-10-08","44952","24","1873","Running contract, OK so far"
"5051","378","1997-10-11","230400","60","3840","Running contract, OK so far"
"5779","3942","1997-10-14","107352","36","2982","Running contract, OK so far"
"6605","7890","1997-10-14","79344","48","1653","Running contract, OK so far"
"6655","8085","1997-10-17","260400","60","4340","Running contract, client in debt"
"6534","7542","1997-10-19","590820","60","9847","Running contract, OK so far"
"5681","3448","1997-10-20","68664","24","2861","Running contract, OK so far"
"6607","7894","1997-10-21","153144","36","4254","Running contract, OK so far"
"6242","6097","1997-10-22","26208","36","728","Running contract, OK so far"
"7242","11027","1997-10-23","48096","24","2004","Running contract, OK so far"
"7277","11231","1997-10-24","89280","12","7440","Contract finished, no problems"
"6675","8158","1997-11-01","238716","36","6631","Running contract, OK so far"
"5398","2187","1997-11-04","53472","12","4456","Contract finished, no problems"
"5956","4725","1997-11-04","168264","36","4674","Running contract, OK so far"
"5731","3711","1997-11-05","460980","60","7683","Running contract, client in debt"
"6956","9631","1997-11-09","59448","24","2477","Running contract, OK so far"
"6437","7052","1997-11-09","63972","36","1777","Running contract, client in debt"
"5447","2335","1997-11-12","541200","60","9020","Running contract, client in debt"
"5973","4784","1997-11-24","219456","48","4572","Running contract, OK so far"
"6075","5267","1997-11-26","129312","24","5388","Running contract, client in debt"
"5281","1580","1997-11-27","194256","24","8094","Running contract, OK so far"
"5103","666","1997-11-28","12540","12","1045","Contract finished, no problems"
"6468","7176","1997-11-30","203940","60","3399","Running contract, OK so far"
"7209","10857","1997-11-30","385560","60","6426","Running contract, client in debt"
"5584","2986","1997-12-06","24792","24","1033","Running contract, OK so far"
"4988","103","1997-12-06","265320","36","7370","Running contract, client in debt"
"6502","7424","1997-12-08","30276","12","2523","Contract finished, no problems"
"5651","3329","1997-12-08","19248","12","1604","Contract finished, no problems"
"4962","25","1997-12-08","30276","12","2523","Contract finished, no problems"
"5862","4342","1997-12-09","100128","24","4172","Running contract, OK so far"
"7199","10789","1997-12-09","45768","12","3814","Contract finished, no problems"
"6727","8505","1997-12-10","42840","12","3570","Contract finished, no problems"
"7279","11244","1997-12-11","155760","24","6490","Running contract, OK so far"
"6544","7594","1997-12-11","130464","48","2718","Running contract, OK so far"
"5933","4631","1997-12-13","87528","24","3647","Running contract, OK so far"
"6574","7745","1997-12-20","77544","36","2154","Running contract, OK so far"
"6399","6902","1997-12-21","49320","36","1370","Running contract, OK so far"
"7187","10711","1997-12-24","24180","60","403","Running contract, OK so far"
"6353","6686","1997-12-25","116496","24","4854","Running contract, OK so far"
"5043","339","1997-12-25","468060","60","7801","Running contract, OK so far"
"5469","2445","1997-12-26","293160","60","4886","Running contract, OK so far"
"5976","4794","1997-12-27","465504","48","9698","Running contract, client in debt"
"6059","5196","1997-12-28","79824","12","6652","Contract finished, no problems"
"5799","4052","1997-12-28","106128","36","2948","Running contract, OK so far"
"6147","5602","1997-12-28","177504","48","3698","Running contract, OK so far"
"6254","6157","1997-12-28","247920","48","5165","Running contract, OK so far"
"7100","10280","1997-12-31","348120","60","5802","Running contract, OK so far"
"7147","10478","1998-01-02","267600","48","5575","Running contract, OK so far"
"5909","4550","1998-01-03","61320","60","1022","Running contract, OK so far"
"7037","10022","1998-01-03","218064","48","4543","Running contract, OK so far"
"5782","3953","1998-01-04","63576","12","5298","Running contract, OK so far"
"6237","6075","1998-01-06","407952","48","8499","Running contract, client in debt"
"6552","7632","1998-01-08","170448","48","3551","Running contract, OK so far"
"7067","10134","1998-01-11","136368","24","5682","Running contract, OK so far"
"5320","1819","1998-01-11","143676","36","3991","Running contract, OK so far"
"5930","4616","1998-01-12","66696","24","2779","Running contract, OK so far"
"6486","7240","1998-01-15","152160","60","2536","Running contract, OK so far"
"5245","1407","1998-01-17","125472","24","5228","Running contract, OK so far"
"6643","8038","1998-01-18","35856","24","1494","Running contract, OK so far"
"5260","1480","1998-01-19","123300","36","3425","Running contract, OK so far"
"5569","2936","1998-01-20","504000","60","8400","Running contract, OK so far"
"7110","10345","1998-01-21","31260","12","2605","Running contract, OK so far"
"7139","10445","1998-01-22","23412","12","1951","Running contract, OK so far"
"6791","8926","1998-01-23","566640","60","9444","Running contract, OK so far"
"5360","2035","1998-01-25","176328","36","4898","Running contract, OK so far"
"5287","1638","1998-01-26","64224","24","2676","Running contract, OK so far"
"6553","7636","1998-01-26","42384","12","3532","Running contract, OK so far"
"7072","10148","1998-01-27","22104","12","1842","Running contract, OK so far"
"6044","5133","1998-01-27","57060","12","4755","Running contract, OK so far"
"5332","1869","1998-01-29","37944","36","1054","Running contract, OK so far"
"6866","9201","1998-02-05","122472","24","5103","Running contract, OK so far"
"6633","7997","1998-02-05","160656","24","6694","Running contract, OK so far"
"6926","9455","1998-02-07","374760","60","6246","Running contract, OK so far"
"6442","7082","1998-02-08","194160","48","4045","Running contract, OK so far"
"5889","4456","1998-02-09","321240","60","5354","Running contract, OK so far"
"5765","3875","1998-02-10","153936","24","6414","Running contract, OK so far"
"5124","785","1998-02-12","156096","36","4336","Running contract, OK so far"
"5491","2545","1998-02-13","428784","48","8933","Running contract, OK so far"
"6730","8523","1998-02-15","93036","12","7753","Running contract, OK so far"
"7151","10493","1998-02-18","133800","24","5575","Running contract, OK so far"
"5140","873","1998-02-24","178500","60","2975","Running contract, OK so far"
"7171","10650","1998-02-24","196224","48","4088","Running contract, OK so far"
"6568","7713","1998-02-25","220440","60","3674","Running contract, OK so far"
"6861","9179","1998-02-28","215040","60","3584","Running contract, OK so far"
"6855","9153","1998-03-01","52236","36","1451","Running contract, OK so far"
"7129","10404","1998-03-01","194280","60","3238","Running contract, OK so far"
"5384","2142","1998-03-07","23328","12","1944","Running contract, OK so far"
"6859","9167","1998-03-07","272220","60","4537","Running contract, OK so far"
"5772","3906","1998-03-08","334620","60","5577","Running contract, OK so far"
"5665","3390","1998-03-11","40632","12","3386","Running contract, OK so far"
"6495","7274","1998-03-12","49044","12","4087","Running contract, OK so far"
"5061","440","1998-03-13","84288","48","1756","Running contract, OK so far"
"6948","9560","1998-03-15","157068","36","4363","Running contract, OK so far"
"5773","3907","1998-03-16","133848","24","5577","Running contract, OK so far"
"6052","5164","1998-03-23","22356","36","621","Running contract, OK so far"
"6682","8225","1998-03-30","36204","12","3017","Running contract, client in debt"
"6083","5305","1998-03-31","240528","48","5011","Running contract, OK so far"
"6962","9646","1998-04-02","279072","48","5814","Running contract, OK so far"
"5158","1004","1998-04-11","188532","36","5237","Running contract, OK so far"
"6464","7156","1998-04-16","49488","24","2062","Running contract, OK so far"
"5172","1083","1998-04-16","50976","36","1416","Running contract, OK so far"
"5582","2982","1998-04-17","41256","12","3438","Running contract, OK so far"
"6136","5572","1998-04-19","140880","60","2348","Running contract, OK so far"
"6235","6062","1998-04-19","321360","60","5356","Running contract, OK so far"
"6508","7437","1998-04-19","110736","48","2307","Running contract, OK so far"
"4968","38","1998-04-19","110736","48","2307","Running contract, OK so far"
"6632","7990","1998-04-23","144960","48","3020","Running contract, OK so far"
"7195","10774","1998-04-23","339168","48","7066","Running contract, OK so far"
"5525","2720","1998-04-27","93888","36","2608","Running contract, OK so far"
"6320","6495","1998-04-28","104964","12","8747","Running contract, OK so far"
"6766","8784","1998-04-28","74352","24","3098","Running contract, OK so far"
"6872","9227","1998-04-29","191580","60","3193","Running contract, OK so far"
"5906","4533","1998-05-05","81144","36","2254","Running contract, OK so far"
"7172","10652","1998-05-07","45720","12","3810","Running contract, OK so far"
"6571","7733","1998-05-12","140064","24","5836","Running contract, OK so far"
"5616","3143","1998-05-15","130896","24","5454","Running contract, OK so far"
"6312","6453","1998-05-17","10944","36","304","Running contract, OK so far"
"6470","7181","1998-05-17","49872","12","4156","Running contract, OK so far"
"5147","938","1998-05-21","22260","60","371","Running contract, OK so far"
"5501","2622","1998-05-21","136344","24","5681","Running contract, OK so far"
"6436","7049","1998-05-22","495180","60","8253","Running contract, OK so far"
"5699","3562","1998-05-24","174960","24","7290","Running contract, OK so far"
"5313","1776","1998-05-27","43200","24","1800","Running contract, OK so far"
"6234","6061","1998-05-28","5148","12","429","Running contract, OK so far"
"6569","7721","1998-05-28","45456","12","3788","Running contract, OK so far"
"7202","10812","1998-05-29","140688","48","2931","Running contract, OK so far"
"5683","3460","1998-05-29","140688","48","2931","Running contract, OK so far"
"5034","303","1998-05-30","112752","36","3132","Running contract, OK so far"
"5435","2279","1998-06-01","314688","48","6556","Running contract, OK so far"
"5815","4116","1998-06-03","151200","36","4200","Running contract, OK so far"
"5589","3005","1998-06-05","390000","48","8125","Running contract, OK so far"
"6746","8639","1998-06-06","185640","60","3094","Running contract, OK so far"
"6790","8919","1998-06-08","76104","24","3171","Running contract, OK so far"
"6857","9159","1998-06-08","69600","48","1450","Running contract, OK so far"
"6450","7099","1998-06-10","234336","48","4882","Running contract, OK so far"
"7221","10915","1998-06-11","152460","60","2541","Running contract, OK so far"
"5527","2728","1998-06-15","156420","60","2607","Running contract, OK so far"
"5620","3161","1998-06-16","30012","12","2501","Running contract, OK so far"
"6215","5944","1998-06-18","78720","48","1640","Running contract, OK so far"
"7167","10644","1998-06-18","269964","36","7499","Running contract, OK so far"
"5823","4144","1998-06-21","212976","36","5916","Running contract, OK so far"
"6207","5912","1998-06-23","184620","60","3077","Running contract, OK so far"
"6932","9491","1998-06-25","225504","48","4698","Running contract, OK so far"
"5669","3403","1998-06-27","71820","36","1995","Running contract, OK so far"
"5154","993","1998-07-01","108720","60","1812","Running contract, OK so far"
"7168","10645","1998-07-05","208332","36","5787","Running contract, OK so far"
"5585","2988","1998-07-08","88608","12","7384","Running contract, OK so far"
"7200","10799","1998-07-11","31140","60","519","Running contract, OK so far"
"6539","7559","1998-07-11","12792","12","1066","Running contract, OK so far"
"5774","3916","1998-07-12","96984","36","2694","Running contract, OK so far"
"6357","6706","1998-07-12","64860","60","1081","Running contract, OK so far"
"5042","330","1998-07-12","331584","48","6908","Running contract, OK so far"
"5015","226","1998-07-12","109344","12","9112","Running contract, OK so far"
"5354","2000","1998-07-14","290820","60","4847","Running contract, OK so far"
"6054","5180","1998-07-16","58764","12","4897","Running contract, OK so far"
"7295","11328","1998-07-18","280440","60","4674","Running contract, OK so far"
"5365","2055","1998-07-19","271260","60","4521","Running contract, OK so far"
"6755","8713","1998-07-24","170700","60","2845","Running contract, OK so far"
"5991","4858","1998-07-27","335184","48","6983","Running contract, client in debt"
"7035","10005","1998-07-29","210744","36","5854","Running contract, OK so far"
"5893","4467","1998-08-03","86184","36","2394","Running contract, OK so far"
"7164","10613","1998-08-15","249792","48","5204","Running contract, OK so far"
"5304","1718","1998-08-20","172272","24","7178","Running contract, OK so far"
"5561","2910","1998-08-29","437460","60","7291","Running contract, OK so far"
"5520","2699","1998-08-30","231168","48","4816","Running contract, OK so far"
"5241","1389","1998-09-02","125472","24","5228","Running contract, OK so far"
"7096","10257","1998-09-02","37812","12","3151","Running contract, OK so far"
"6078","5283","1998-09-09","170832","48","3559","Running contract, OK so far"
"5046","349","1998-09-09","42816","12","3568","Running contract, OK so far"
"5334","1876","1998-09-10","209040","24","8710","Running contract, OK so far"
"6969","9673","1998-09-12","88200","36","2450","Running contract, OK so far"
"6821","9037","1998-09-15","321936","48","6707","Running contract, OK so far"
"5760","3862","1998-09-18","74916","36","2081","Running contract, OK so far"
"5614","3137","1998-09-21","253560","60","4226","Running contract, OK so far"
"7091","10243","1998-09-22","113436","36","3151","Running contract, OK so far"
"5698","3556","1998-09-22","174840","60","2914","Running contract, OK so far"
"5169","1068","1998-09-24","253200","60","4220","Running contract, OK so far"
"7294","11327","1998-09-27","39168","24","1632","Running contract, OK so far"
"5318","1808","1998-09-30","385584","48","8033","Running contract, OK so far"
"5368","2073","1998-10-05","44640","24","1860","Running contract, OK so far"
"6923","9433","1998-10-05","44640","24","1860","Running contract, OK so far"
"5463","2413","1998-10-06","17952","12","1496","Running contract, OK so far"
"5265","1498","1998-10-07","165780","60","2763","Running contract, OK so far"
"6321","6505","1998-10-08","38496","12","3208","Running contract, OK so far"
"5226","1318","1998-10-11","185544","36","5154","Running contract, OK so far"
"6868","9208","1998-10-12","82128","24","3422","Running contract, OK so far"
"4967","37","1998-10-14","318480","60","5308","Running contract, client in debt"
"5293","1656","1998-10-29","189792","48","3954","Running contract, OK so far"
"5865","4354","1998-10-30","327660","60","5461","Running contract, OK so far"
"5841","4268","1998-11-04","41988","12","3499","Running contract, OK so far"
"5526","2725","1998-11-08","69624","36","1934","Running contract, OK so far"
"6852","9140","1998-11-10","16032","48","334","Running contract, OK so far"
"6469","7180","1998-11-17","99744","24","4156","Running contract, OK so far"
"6168","5698","1998-11-21","99216","36","2756","Running contract, OK so far"
"7292","11317","1998-11-22","317460","60","5291","Running contract, OK so far"
"5036","309","1998-11-25","91248","48","1901","Running contract, OK so far"
"5644","3293","1998-11-27","276084","36","7669","Running contract, OK so far"
"6856","9156","1998-12-01","163332","36","4537","Running contract, OK so far"
"5428","2262","1998-12-02","230220","36","6395","Running contract, OK so far"
"5027","276","1998-12-02","160920","36","4470","Running contract, OK so far"
"4989","105","1998-12-05","352704","48","7348","Running contract, OK so far"
"5221","1284","1998-12-05","52512","12","4376","Running contract, OK so far"
"6402","6922","1998-12-06","139488","24","5812","Running contract, OK so far"
"5346","1928","1998-12-06","55632","24","2318","Running contract, OK so far"
"6748","8645","1998-12-08","240900","60","4015","Running contract, OK so far"
